pair	label	unit_a	unit_b	scafnum	widx	chrom	start	end	mid	n_snps	fst	var_jk	t	fbin	N_bin	tcrit	outlier	genes
CC-CO	Central Coast vs Conception	Central Coast	Conception	8	0	SCAF_8	1265843	1614057	1439950	101	0.881890187285992	0.00015484403139019	3.48090399590288	0.85	1	1.66023432608534	TRUE	cyp26c1,LOC140351035,slc22a15,LOC140351455,kif11
CC-CO	Central Coast vs Conception	Central Coast	Conception	12	36	SCAF_12	36485693	37582032	37033862.5	101	0.843009728939772	0.000237988001819267	3.15750749012431	0.8	1	1.66023432608534	TRUE	lamc1,dhx9,LOC140356771,znf622,tmem70,LOC140356773
CC-CO	Central Coast vs Conception	Central Coast	Conception	17	19	SCAF_17	16874363	17111023	16992693	101	0.773071449609186	0.000424885697634431	2.57712115974137	0.75	1	1.66023432608534	TRUE	""
CC-LA	Central Coast vs LA_Ventura	Central Coast	LA_Ventura	17	25	SCAF_17	16917622	17102304	17009963	101	0.863679917769621	0.000325226325511011	4.29296970328302	0.85	1	1.66023432608534	TRUE	""
CC-LA	Central Coast vs LA_Ventura	Central Coast	LA_Ventura	12	48	SCAF_12	37119682	38448617	37784149.5	101	0.812781353084529	0.000336534810741421	3.78894612103777	0.8	1	1.66023432608534	TRUE	LOC140356773,LOC140356775,ranbp9,nol7,stard3nl,LOC140356777
CC-LA	Central Coast vs LA_Ventura	Central Coast	LA_Ventura	8	0	SCAF_8	1226693	1598279	1412486	101	0.794567452521392	0.000256311636739093	3.62357406862127	0.75	2	1.98397151852355	TRUE	cyp26c1,LOC140351035,slc22a15,LOC140351455,kif11
CC-LA	Central Coast vs LA_Ventura	Central Coast	LA_Ventura	4	0	SCAF_4	770383	1722097	1246240	101	0.767854627366832	0.000753423627068867	3.28037513146606	0.75	2	1.98397151852355	TRUE	LOC140377305,LOC140378274,LOC140377177,LOC140378273,LOC140377235,LOC140378270,LOC140377306
CC-LA	Central Coast vs LA_Ventura	Central Coast	LA_Ventura	12	47	SCAF_12	36555844	37119627	36837735.5	101	0.737930842727563	0.000408627068357987	3.04057824368446	0.7	3	2.15785653159225	TRUE	lamc1,dhx9,LOC140356771,znf622,tmem70,LOC140356773
CC-LA	Central Coast vs LA_Ventura	Central Coast	LA_Ventura	22	37	SCAF_22	22854305	22949013	22901659	101	0.721167580663283	0.000433950102496642	2.87242586408467	0.7	3	2.15785653159225	TRUE	LOC140371694
CC-LA	Central Coast vs LA_Ventura	Central Coast	LA_Ventura	8	1	SCAF_8	1598551	3170556	2384553.5	101	0.718025472779761	0.000387223279620924	2.84801273518265	0.7	3	2.15785653159225	TRUE	kif11,LOC140350922,slc30a6,foxg1b,LOC140351608
CO-LA	Conception vs LA_Ventura	Conception	LA_Ventura	18	3	SCAF_18	6304905	6951514	6628209.5	101	0.597031347788274	0.00146230434856464	3.58417513261421	0.55	1	1.66023432608534	TRUE	cdh10a
CO-LA	Conception vs LA_Ventura	Conception	LA_Ventura	2	4	SCAF_2	8731956	9736628	9234292	101	0.541697609389506	0.000373050015218462	3.20840427450452	0.5	2	1.98397151852355	TRUE	atp2b1a,apex1,LOC140367116,LOC140368224,LOC140368006,LOC140367374,ccnb1,npr2,alad
CO-LA	Conception vs LA_Ventura	Conception	LA_Ventura	22	20	SCAF_22	21563881	21877473	21720677	101	0.513455200633856	0.000946515084923597	2.81354645345455	0.5	2	1.98397151852355	TRUE	LOC140371845,wdr55,ttc39b,LOC140372079,cfi,LOC140371696,LOC140371530,LOC140371848,LOC140371531,LOC140371947,LOC140371948,LOC140371532,LOC140372111
CO-LA	Conception vs LA_Ventura	Conception	LA_Ventura	15	10	SCAF_15	9981812	10235937	10108874.5	101	0.496347047008868	0.000393276512985385	2.71820148649003	0.45	6	2.43491902014631	TRUE	sgcd,LOC140360660
CO-LA	Conception vs LA_Ventura	Conception	LA_Ventura	8	18	SCAF_8	22595157	23690225	23142691	101	0.476851637016888	0.00079060136308683	2.45361739609243	0.45	6	2.43491902014631	TRUE	mgmt,ebf3b,LOC140351526,sorcs3b,LOC140351477,LOC140350784,slka,col17a1b,sfr1,LOC140351628
GBA-CC	GBA vs Central Coast	GBA	Central Coast	14	17	SCAF_14	12168062	12286418	12227240	101	0.949043216727549	9.01136221536809e-05	5.56123030498041	0.9	1	1.66023432608534	TRUE	LOC140359401,tfcp2l1
GBA-CC	GBA vs Central Coast	GBA	Central Coast	3	0	SCAF_3	331687	1957600	1144643.5	101	0.886579853236089	0.00027710864475256	4.84664119730646	0.85	1	1.66023432608534	TRUE	LOC140374363,LOC140374196,nr2f5,sv2a,LOC140373466,mlpha,LOC140374016,selenbp1,LOC140374017,iqgap3
GBA-CC	GBA vs Central Coast	GBA	Central Coast	14	59	SCAF_14	36793968	38415414	37604691	101	0.809707132865386	0.000546357832367206	3.9795281220792	0.8	1	1.66023432608534	TRUE	dnah7,esyt3,LOC140360049,LOC140360050,faima,epb41l5,ptpn4a,farsb,LOC140359125,ubxn4,nmi,LOC140359239,LOC140359240,rab3gap1,itgb2,LOC140359127,gtdc1,LOC140359128,LOC140359129
GBA-CC	GBA vs Central Coast	GBA	Central Coast	9	14	SCAF_9	13390684	13533501	13462092.5	101	0.784290428623715	8.97029701525535e-05	3.81075899937442	0.75	1	1.66023432608534	TRUE	zbtb37,serpinc1
GBA-CC	GBA vs Central Coast	GBA	Central Coast	10	1	SCAF_10	1810850	3843626	2827238	101	0.740560176274739	0.000511532807319612	3.26915483453238	0.7	3	2.15785653159225	TRUE	LOC140373136,LOC140373178,rrp8,LOC140373210,LOC140372273,kcnk6,LOC140373268,prx
GBA-CC	GBA vs Central Coast	GBA	Central Coast	13	8	SCAF_13	7800964	8043010	7921987	101	0.723930590341208	0.000740870814574227	3.05894667671482	0.7	3	2.15785653159225	TRUE	wfikkn2a,ankrd40,LOC140357905
GBA-CC	GBA vs Central Coast	GBA	Central Coast	12	44	SCAF_12	37089951	38353265	37721608	101	0.722597772381795	0.000593164525339184	3.06921085195699	0.7	3	2.15785653159225	TRUE	LOC140356773,LOC140356775,ranbp9,nol7,stard3nl
GBA-CC	GBA vs Central Coast	GBA	Central Coast	2	9	SCAF_2	9753341	10045332	9899336.5	101	0.688657129440852	0.000965579234890158	2.66588854307656	0.65	10	2.62589052143802	TRUE	tmem203,LOC140366951,tprn,LOC140367106,LOC140366953
GBA-CO	GBA vs Conception	GBA	Conception	14	11	SCAF_14	12167116	12294690	12230903	101	0.984387860190772	2.8626286317499e-05	2.46527586135558	0.95	1	1.66023432608534	TRUE	LOC140359401,tfcp2l1,clasp1a
GBA-LA	GBA vs LA_Ventura	GBA	LA_Ventura	14	15	SCAF_14	12150301	12256697	12203499	101	0.96780766838982	5.29943651532704e-05	2.84436505912122	0.95	3	2.15785653159225	TRUE	LOC140359401
GBA-LA	GBA vs LA_Ventura	GBA	LA_Ventura	17	24	SCAF_17	17029645	17179522	17104583.5	101	0.966731860875727	9.62088212535641e-05	2.82940746097427	0.95	3	2.15785653159225	TRUE	""
GBA-LA	GBA vs LA_Ventura	GBA	LA_Ventura	14	11	SCAF_14	11471140	11635628	11553384	101	0.951620734716661	0.000120325124641442	2.68868584210437	0.95	3	2.15785653159225	TRUE	""
GBA-LA	GBA vs LA_Ventura	GBA	LA_Ventura	15	14	SCAF_15	9659272	9819234	9739253	101	0.942722573602165	0.000125993344706696	2.60688054882958	0.9	5	2.36421736623848	TRUE	gemin5
GBA-LA	GBA vs LA_Ventura	GBA	LA_Ventura	3	0	SCAF_3	331687	2013030	1172358.5	101	0.929683149092435	0.000210800273478899	2.47919910455674	0.9	5	2.36421736623848	TRUE	LOC140374196,nr2f5,sv2a,LOC140373466,mlpha,LOC140374016,selenbp1,LOC140374017,iqgap3
GBA-LA	GBA vs LA_Ventura	GBA	LA_Ventura	13	48	SCAF_13	28361630	28508508	28435069	101	0.894913704081059	0.000272000375530497	2.15768842684307	0.85	2	1.98397151852355	TRUE	LOC140358444,LOC140358804,LOC140358456
NC-CC	North Coast vs Central Coast	North Coast	Central Coast	13	15	SCAF_13	15617271	15755466	15686368.5	101	0.970231421778338	4.8485716536592e-05	3.11122134611492	0.95	1	1.66023432608534	TRUE	alg1,eef2kmt,LOC140358773,rab40c,LOC140358774,LOC140358048,kat8
NC-CC	North Coast vs Central Coast	North Coast	Central Coast	14	11	SCAF_14	11809431	12247747	12028589	101	0.911523668579119	0.000263554633563324	2.48835971334435	0.9	2	1.98397151852355	TRUE	klhdc3l,inhbb,gli2a,LOC140359401
NC-CC	North Coast vs Central Coast	North Coast	Central Coast	3	0	SCAF_3	331687	1974086	1152886.5	101	0.90496636055357	0.000296430906590656	2.41857327108043	0.9	2	1.98397151852355	TRUE	LOC140374363,LOC140374196,nr2f5,sv2a,LOC140373466,mlpha,LOC140374016,selenbp1,LOC140374017,iqgap3
NC-GBA	North Coast vs GBA	North Coast	GBA	9	5	SCAF_9	13390232	13533549	13461890.5	101	0.867133785069849	3.45849862814086e-05	4.44779753660741	0.85	1	1.66023432608534	TRUE	zbtb37,serpinc1
NC-GBA	North Coast vs GBA	North Coast	GBA	4	1	SCAF_4	3567325	5191066	4379195.5	101	0.777190671125875	0.000967491034720443	3.55259212948811	0.75	1	1.66023432608534	TRUE	LOC140377613,vegfc,LOC140377024,LOC140377954,zdhhc5a,slc43a1b,LOC140376996,p2rx3b
NC-GBA	North Coast vs GBA	North Coast	GBA	4	0	SCAF_4	775654	3567304	2171479	101	0.732929505181135	0.00117960990766813	3.16087395653666	0.7	1	1.66023432608534	TRUE	LOC140377294,LOC140377305,LOC140377177,LOC140378273,LOC140377235,LOC140378270,LOC140377306,dnhd1,LOC140378275,nptxrb,LOC140377613
NC-GBA	North Coast vs GBA	North Coast	GBA	14	16	SCAF_14	35079084	38429978	36754531	101	0.698358564110357	0.0010961179902156	2.88333578666579	0.65	4	2.27565241302896	TRUE	LOC140360027,col18a1a,LOC140360034,obsl1b,spegb,LOC140360040,cavin2a,LOC140360044,dnah7,esyt3,LOC140360050,parp9,ptpn4a,farsb,LOC140359125,ubxn4,LOC140359127,LOC140359129
NC-GBA	North Coast vs GBA	North Coast	GBA	9	10	SCAF_9	19317100	20186409	19751754.5	101	0.681095808236485	0.00102588690471769	2.74686428195966	0.65	4	2.27565241302896	TRUE	henmt1,fam102bb,LOC140353827,tm4sf4,LOC140353466,tm4sf18,LOC140354390,LOC140353467,LOC140353468,meltf,LOC140353570
NC-GBA	North Coast vs GBA	North Coast	GBA	13	6	SCAF_13	14704117	16369098	15536607.5	101	0.66936108131185	0.0010222480719546	2.64968053365792	0.65	4	2.27565241302896	TRUE	LOC140358030,LOC140357614,LOC140358031,LOC140357625,gas7a,elac2,LOC140357629,ift70,alg1,rab40c,LOC140358774,LOC140358048,kat8,rnf25,anapc2,srrm2,LOC140358775,LOC140358056,mfsd11,gfap,slc1a9
NC-GBA	North Coast vs GBA	North Coast	GBA	11	12	SCAF_11	22393507	24387144	23390325.5	101	0.664089192081434	0.00154660565341883	2.55991736757564	0.65	4	2.27565241302896	TRUE	LOC140345653,nexmifb,abcb7,sh3rf2,LOC140353903,nsd1a,ccnjl,LOC140354092,LOC140354115,LOC140354127,rack1,col23a1b,mapk9,kiaa1191,LOC140345702,LOC140354275,cnot6a,slc34a1b,rgs14b,ndst1b,LOC140354434,LOC140354439,pdgfrb,tcirg1b,frmpd1b,klb,LOC140345718,apbb2a,dele1
NC-GBA	North Coast vs GBA	North Coast	GBA	8	5	SCAF_8	13628764	15309486	14469125	101	0.641324944520666	0.00137331156573442	2.38788892378018	0.6	4	2.27565241302896	TRUE	thbs2a,agpat4,slc35f3b,LOC140350759,adgrb3,eys,phf3,khdrbs2,dst,gfral,mlip,lrrc1,tmem14a,angpt2a,mcph1,LOC140351632,LOC140351502,dusp13a,cunh10orf71,vstm4a,wdfy4,lrrc18a,gdf10a
NC-GBA	North Coast vs GBA	North Coast	GBA	5	6	SCAF_5	18911226	21338510	20124868	101	0.631040474346778	0.00159394526803515	2.28648316962868	0.6	4	2.27565241302896	TRUE	lmo1,rras2,trim66,ipo7,sbf2,LOC140381106,galnt18b,spata17,esrrga,ush2a,kctd3,LOC140381751,ahctf1,kif26ba,xkr5b,cenpf,urb2,tacr2,hk1,ddx21,chs1,LOC140380623,myom2b,qser1,hipk3b,kiaa1549lb,spon1a
