pair	label	unit_a	unit_b	n_a	n_b	n_snps_usable	n_snps_maf10	n_windows	fst_all_snps	fst_maf10	win_mean	win_sd	win_median	n_outliers	cut_line	n_outlier_genes
NC-GBA	North Coast vs GBA	North Coast	GBA	71	20	687282	34904	335	0.255253313210505	0.358883513453004	0.350550307714173	0.115994673933823	0.343120961229737	9	0.631040474346778	149
NC-CC	North Coast vs Central Coast	North Coast	Central Coast	71	30	776447	76911	749	0.485708466679819	0.670935223662445	0.66350047316088	0.098342390730642	0.669856014397306	3	0.90496636055357	21
NC-CO	North Coast vs Conception	North Coast	Conception	71	80	749260	101432	994	0.664350554651172	0.781503201640946	0.769486969515446	0.107109350248301	0.79196891959842	0		0
NC-LA	North Coast vs LA_Ventura	North Coast	LA_Ventura	71	32	591577	101765	995	0.675657949793718	0.803801238719008	0.795744649673833	0.0931755659370797	0.809598884730649	0		0
NC-SC	North Coast vs South Coast	North Coast	South Coast	71	29	759261	242166	2386	0.910409091108943	0.956290882136885	0.954024747639873	0.0457883750361847	0.962274755616615	0		0
GBA-CC	GBA vs Central Coast	GBA	Central Coast	20	30	688266	112188	1100	0.309969230810067	0.434853211236081	0.425651625213491	0.0936343836458997	0.424075096137959	8	0.688657129440852	54
GBA-CO	GBA vs Conception	GBA	Conception	20	80	667683	98817	969	0.590154523717262	0.673236710697612	0.65952641439369	0.131666223141223	0.684934072170403	1	0.984387860190772	3
GBA-LA	GBA vs LA_Ventura	GBA	LA_Ventura	20	32	509909	114203	1118	0.561316635730665	0.667705889924188	0.656950439401301	0.109046074120462	0.670896484990159	6	0.894913704081059	14
GBA-SC	GBA vs South Coast	GBA	South Coast	20	29	681199	238192	2348	0.882616378544529	0.946930583364742	0.943722983730419	0.0526398646995431	0.95474127587793	0		0
CC-CO	Central Coast vs Conception	Central Coast	Conception	30	80	682780	94800	927	0.382752467015929	0.460728219593629	0.451973267529675	0.122878800405055	0.461564881144381	3	0.773071449609186	11
CC-LA	Central Coast vs LA_Ventura	Central Coast	LA_Ventura	30	32	530964	122325	1201	0.352820377480701	0.436994770067832	0.428357575090764	0.0997870353953245	0.430767356099529	7	0.718025472779761	28
CC-SC	Central Coast vs South Coast	Central Coast	South Coast	30	29	733129	269973	2663	0.823910355011517	0.886875839905589	0.881200810780649	0.0686786926994517	0.895862269847063	0		0
CO-LA	Conception vs LA_Ventura	Conception	LA_Ventura	80	32	444677	76982	752	0.210594485663282	0.245986567970182	0.242944557939862	0.091090601006867	0.241283609187514	5	0.476851637016888	35
CO-SC	Conception vs South Coast	Conception	South Coast	80	29	697584	258759	2549	0.873849726781673	0.908767422261075	0.903382466997248	0.0770600022130243	0.923410566002532	0		0
LA-SC	LA_Ventura vs South Coast	LA_Ventura	South Coast	32	29	538785	268144	2644	0.873985615805129	0.907642802495261	0.902435697851628	0.0652374134254979	0.917429128133535	0		0
