sample_code	year	year_class	unit	subunit	site	het_sites	callable	het_rate
NC-ERL_99_CC2_CCS99-71-05 (1999)	1999	<2005	North Coast	NC01	Lake Earl	337	2279495	0.0001478397628
NC-SMI_99_CC2_CCS99-15-07 (1999)	1999	<2005	North Coast	NC01	Smith River	276	1863173	0.0001481343922
NC-ERL_11_CPH_2011Earl01 (2011)	2011	>=2005	North Coast	NC01	Lake Earl	271	2734943	9.908798831e-05
NC-ERL_11_CPH_2011Earl02 (2011)	2011	>=2005	North Coast	NC01	Lake Earl	274	2736384	0.0001001321452
NC-ERL_11_CPH_2011Earl03 (2011)	2011	>=2005	North Coast	NC01	Lake Earl	361	2734526	0.0001320155669
NC-ERL_11_CPH_2011Earl04 (2011)	2011	>=2005	North Coast	NC01	Lake Earl	349	2736082	0.0001275546566
NC-ERL_11_CPH_2011Earl09 (2011)	2011	>=2005	North Coast	NC01	Lake Earl	368	2732329	0.0001346836344
NC-ERL_11_CPH_2011Earl10 (2011)	2011	>=2005	North Coast	NC01	Lake Earl	301	2699813	0.0001114892031
NC-TIL_11_CPH_2011Tillas14 (2011)	2011	>=2005	North Coast	NC01	Tillas Slough	189	2740787	6.895829556e-05
NC-TIL_11_CPH_2011Tillas19 (2011)	2011	>=2005	North Coast	NC01	Tillas Slough	216	2740040	7.883096597e-05
NC-TIL_11_CPH_2011Tillas20 (2011)	2011	>=2005	North Coast	NC01	Tillas Slough	200	2740762	7.297240694e-05
NC-TIL_11_CPH_2011Tillas22 (2011)	2011	>=2005	North Coast	NC01	Tillas Slough	327	2740546	0.0001193192889
NC-TIL_11_CPH_2011Tillas37 (2011)	2011	>=2005	North Coast	NC01	Tillas Slough	203	2739962	7.408861875e-05
NC-TIL_11_CPH_2011Tillas58 (2011)	2011	>=2005	North Coast	NC01	Tillas Slough	242	2738679	8.836376954e-05
NC-STN_90_CC2_En473 (1990)	1990	<2005	North Coast	NC02	Stone Lagoon	357	2048670	0.0001742593976
NC-STN_90_CC2_En475 (1990)	1990	<2005	North Coast	NC02	Stone Lagoon	313	1610095	0.0001943984672
NC-BIG_06_CPH_2006Big06 (2006)	2006	>=2005	North Coast	NC02	Big Lagoon	283	2739192	0.0001033151382
NC-BIG_06_CPH_2006Big13 (2006)	2006	>=2005	North Coast	NC02	Big Lagoon	286	2738981	0.000104418395
NC-BIG_06_CPH_2006Big19 (2006)	2006	>=2005	North Coast	NC02	Big Lagoon	312	2740158	0.0001138620474
NC-BIG_06_CPH_2006Big20 (2006)	2006	>=2005	North Coast	NC02	Big Lagoon	295	2740139	0.0001076587721
NC-BIG_06_CPH_2006Big22 (2006)	2006	>=2005	North Coast	NC02	Big Lagoon	303	2738798	0.0001106324745
NC-BIG_06_CPH_2006Big23 (2006)	2006	>=2005	North Coast	NC02	Big Lagoon	289	2739839	0.0001054806505
NC-STN_06_CPH_2006Stone03 (2006)	2006	>=2005	North Coast	NC02	Stone Lagoon	333	2740039	0.0001215311169
NC-STN_06_CPH_2006Stone09 (2006)	2006	>=2005	North Coast	NC02	Stone Lagoon	306	2740024	0.0001116778539
NC-STN_06_CPH_2006Stone30 (2006)	2006	>=2005	North Coast	NC02	Stone Lagoon	310	2739185	0.0001131723487
NC-STN_06_CPH_2006Stone31 (2006)	2006	>=2005	North Coast	NC02	Stone Lagoon	263	2740550	9.596613818e-05
NC-STN_06_CPH_2006Stone32 (2006)	2006	>=2005	North Coast	NC02	Stone Lagoon	289	2740375	0.0001054600192
NC-STN_06_CPH_2006Stone37 (2006)	2006	>=2005	North Coast	NC02	Stone Lagoon	275	2740340	0.000100352511
NC-BIG_21_CPH_2021Big01 (2021)	2021	>=2005	North Coast	NC02	Big Lagoon	315	2734938	0.0001151762855
NC-BIG_21_CPH_2021Big02 (2021)	2021	>=2005	North Coast	NC02	Big Lagoon	286	2740688	0.0001043533594
NC-BIG_21_CPH_2021Big03 (2021)	2021	>=2005	North Coast	NC02	Big Lagoon	290	2739594	0.0001058551012
NC-BIG_21_CPH_2021Big04 (2021)	2021	>=2005	North Coast	NC02	Big Lagoon	323	2739158	0.0001179194482
NC-BIG_21_CPH_2021Big05 (2021)	2021	>=2005	North Coast	NC02	Big Lagoon	283	2738899	0.0001033261906
NC-BIG_21_CPH_2021Big06 (2021)	2021	>=2005	North Coast	NC02	Big Lagoon	309	2736457	0.0001129197353
NC-STN_21_CPH_2021Stone01 (2021)	2021	>=2005	North Coast	NC02	Stone Lagoon	298	2738895	0.0001088030027
NC-STN_21_CPH_2021Stone02 (2021)	2021	>=2005	North Coast	NC02	Stone Lagoon	268	2737298	9.790676791e-05
NC-STN_21_CPH_2021Stone04 (2021)	2021	>=2005	North Coast	NC02	Stone Lagoon	310	2739448	0.0001131614836
NC-STN_21_CPH_2021Stone05 (2021)	2021	>=2005	North Coast	NC02	Stone Lagoon	313	2738695	0.0001142880094
NC-STN_21_CPH_2021Stone07 (2021)	2021	>=2005	North Coast	NC02	Stone Lagoon	313	2738556	0.0001142938103
NC-STN_21_CPH_2021Stone08 (2021)	2021	>=2005	North Coast	NC02	Stone Lagoon	280	2739471	0.0001022095142
NC-MCD_06_CC2_7-1-21 (2006)	2006	>=2005	North Coast	NC03	McDaniel Slough	246	2225480	0.0001105379514
NC-MCD_06_CC2_7-1-22 (2006)	2006	>=2005	North Coast	NC03	McDaniel Slough	270	2372102	0.0001138230987
NC-TEN_99_CC2_CCS99-72-02 (1999)	1999	<2005	North Coast	NC04	Ten Mile River	331	1692485	0.0001955704186
NC-VRG_99_CC2_CCS99-73-01 (1999)	1999	<2005	North Coast	NC05	Virgin Creek	380	2619195	0.0001450827449
NC-VRG_99_CC2_CCS99-73-02 (1999)	1999	<2005	North Coast	NC05	Virgin Creek	400	2654393	0.0001506935861
NC-PUD_06_CPH_2006Pudding16 (2006)	2006	>=2005	North Coast	NC05	Pudding Creek	272	2739209	9.929873916e-05
NC-PUD_06_CPH_2006Pudding21 (2006)	2006	>=2005	North Coast	NC05	Pudding Creek	278	2739909	0.0001014632238
NC-PUD_06_CPH_2006Pudding25 (2006)	2006	>=2005	North Coast	NC05	Pudding Creek	284	2738830	0.0001036939131
NC-PUD_06_CPH_2006Pudding31 (2006)	2006	>=2005	North Coast	NC05	Pudding Creek	292	2738190	0.0001066397876
NC-PUD_06_CPH_2006Pudding41 (2006)	2006	>=2005	North Coast	NC05	Pudding Creek	309	2738840	0.0001128214865
NC-PUD_06_CPH_2006Pudding47 (2006)	2006	>=2005	North Coast	NC05	Pudding Creek	345	2738194	0.0001259954554
NC-VRG_06_CPH_2006Virgin40 (2006)	2006	>=2005	North Coast	NC05	Virgin Creek	307	2739643	0.0001120583959
NC-VRG_06_CPH_2006Virgin45 (2006)	2006	>=2005	North Coast	NC05	Virgin Creek	384	2738167	0.0001402398028
NC-VRG_06_CPH_2006Virgin49 (2006)	2006	>=2005	North Coast	NC05	Virgin Creek	523	2734134	0.0001912854308
NC-VRG_06_CPH_2006Virgin55 (2006)	2006	>=2005	North Coast	NC05	Virgin Creek	342	2738558	0.0001248832415
NC-VRG_06_CPH_2006Virgin58 (2006)	2006	>=2005	North Coast	NC05	Virgin Creek	396	2737735	0.0001446451172
NC-VRG_06_CPH_2006Virgin59 (2006)	2006	>=2005	North Coast	NC05	Virgin Creek	530	2733319	0.0001939034558
NC-PUD_21_CPH_2021Pudding05 (2021)	2021	>=2005	North Coast	NC05	Pudding Creek	270	2739015	9.857558283e-05
NC-PUD_21_CPH_2021Pudding07 (2021)	2021	>=2005	North Coast	NC05	Pudding Creek	291	2738838	0.0001062494386
NC-PUD_21_CPH_2021Pudding09 (2021)	2021	>=2005	North Coast	NC05	Pudding Creek	274	2740342	9.998751981e-05
NC-PUD_21_CPH_2021Pudding10 (2021)	2021	>=2005	North Coast	NC05	Pudding Creek	254	2739307	9.27241817e-05
NC-PUD_21_CPH_2021Pudding15 (2021)	2021	>=2005	North Coast	NC05	Pudding Creek	257	2739402	9.381609563e-05
NC-PUD_21_CPH_2021Pudding16 (2021)	2021	>=2005	North Coast	NC05	Pudding Creek	270	2737779	9.862008584e-05
NC-VRG_21_CPH_2021Virgin02 (2021)	2021	>=2005	North Coast	NC05	Virgin Creek	311	2739245	0.0001135349339
NC-VRG_21_CPH_2021Virgin08 (2021)	2021	>=2005	North Coast	NC05	Virgin Creek	321	2739517	0.0001171739398
NC-VRG_21_CPH_2021Virgin09 (2021)	2021	>=2005	North Coast	NC05	Virgin Creek	296	2740326	0.0001080163455
NC-VRG_21_CPH_2021Virgin13 (2021)	2021	>=2005	North Coast	NC05	Virgin Creek	312	2738145	0.0001139457552
NC-VRG_21_CPH_2021Virgin16 (2021)	2021	>=2005	North Coast	NC05	Virgin Creek	312	2740076	0.0001138654548
NC-VRG_21_CPH_2021Virgin17 (2021)	2021	>=2005	North Coast	NC05	Virgin Creek	320	2740396	0.0001167714447
NC-MCH_90_CC2_En424 (1990)	1990	<2005	North Coast	NC06	Manchester State Beach	395	1521725	0.0002595738389
NC-MCH_90_CC2_En428 (1990)	1990	<2005	North Coast	NC06	Manchester State Beach	438	2309489	0.000189652343
GBA-SLM_90_CC1_En408 (1990)	1990	<2005	GBA	GBA01	Salmon Creek	383	2227515	0.0001719404808
GBA-SLM_90_CC2_En406 (1990)	1990	<2005	GBA	GBA01	Salmon Creek	519	2037252	0.0002547549346
GBA-SLM_17_CC2_BTS17-12-01 (2017)	2017	>=2005	GBA	GBA01	Salmon Creek	477	2250744	0.0002119299218
GBA-SLM_17_CC2_BTS17-12-02 (2017)	2017	>=2005	GBA	GBA01	Salmon Creek	447	2189020	0.0002042009666
GBA-ESA_90_CC1_En390 (1990)	1990	<2005	GBA	GBA02	Estero de San Antonio	278	1209865	0.0002297777025
GBA-EAM_99_CC2_CCS99-78-18 (1999)	1999	<2005	GBA	GBA02	Estero Americano	364	1160447	0.0003136722315
GBA-LGT_15_CC2_BTS-15-15-02 (2015)	2015	>=2005	GBA	GBA03	Lagunitas Creek	550	2204777	0.0002494583352
GBA-LGT_15_CC2_BTS15-15-03 (2015)	2015	>=2005	GBA	GBA03	Lagunitas Creek	469	1940512	0.0002416887914
GBA-RDL_99_CC2_CCS99-83-31 (1999)	1999	<2005	GBA	GBA04	Rodeo Lagoon	531	1536247	0.0003456475424
GBA-GRG_99_CC2_CCS99-68-48 (1999)	1999	<2005	GBA	GBA05	San Gregorio	385	2617534	0.0001470850044
GBA-GAZ_15_CC2_BTS15-26-2 (2015)	2015	>=2005	GBA	GBA05	Gazos Creek	478	1883453	0.000253789184
GBA-FRJ_17_CC2_BTS17-07-01 (2017)	2017	>=2005	GBA	GBA05	Arroyo Frijoles (Bean Hollow)	368	1592387	0.0002310996008
GBA-FRJ_17_CC2_BTS17-07-02 (2017)	2017	>=2005	GBA	GBA05	Arroyo Frijoles (Bean Hollow)	338	1242506	0.0002720308795
GBA-LGN_15_CC1_BTS15-29-01 (2015)	2015	>=2005	GBA	GBA06	Laguna Creek	439	2558919	0.0001715568175
GBA-WDL_15_CC1_BTS15-27-1 (2015)	2015	>=2005	GBA	GBA06	Waddell Creek	520	2396333	0.0002169982219
GBA-WDL_15_CC1_BTS15-27-2 (2015)	2015	>=2005	GBA	GBA06	Waddell Creek	535	2499781	0.000214018748
GBA-APT_17_CC2_BTS17-28-01 (2017)	2017	>=2005	GBA	GBA09	Aptos Creek	501	1260517	0.0003974559645
GBA-BLD_90_CC2_En352 (1990)	1990	<2005	GBA	GBA07	Baldwin Creek	416	1637073	0.0002541120646
GBA-CRC_90_CC1_En319 (1990)	1990	<2005	GBA	GBA08	Corcoran Lagoon	371	1225938	0.0003026254183
GBA-CRC_90_CC1_En320 (1990)	1990	<2005	GBA	GBA08	Corcoran Lagoon	513	2309843	0.0002220930167
CC-ALG_90_CC1_En061 (1990)	1990	<2005	Central Coast	CC02	Arroyo Laguna	908	2379715	0.0003815582958
CC-ALG_90_CC2_En070 (1990)	1990	<2005	Central Coast	CC02	Arroyo Laguna	815	1758723	0.0004634044133
CC-PIC_90_CC1_En005 (1990)	1990	<2005	Central Coast	CC02	Pico Creek	763	2014420	0.000378769075
CC-PIC_90_CC2_En012 (1990)	1990	<2005	Central Coast	CC02	Pico Creek	979	2322156	0.0004215909698
CC-SSC_90_CC1_En298 (1990)	1990	<2005	Central Coast	CC02	San Simeon Creek	914	2302979	0.000396877262
CC-SSC_90_CC1_En299 (1990)	1990	<2005	Central Coast	CC02	San Simeon Creek	955	2444456	0.0003906799713
CC-ROS_08_CC2_CCS08-18-01 (2008)	2008	>=2005	Central Coast	CC02	Santa Rosa Creek	890	1819042	0.0004892685271
CC-ROS_08_CC2_CCS08-18-03 (2008)	2008	>=2005	Central Coast	CC02	Santa Rosa Creek	735	1481293	0.0004961881275
CC-ALG_15_CC2_BTS15-50-02 (2015)	2015	>=2005	Central Coast	CC02	Arroyo Laguna	669	1295260	0.000516498618
CC-PUE_15_CC2_BTS15-51-02 (2015)	2015	>=2005	Central Coast	CC02	Arroyo del Puerto	898	1888011	0.0004756328221
CC-PUE_15_CC2_BTS15-51-03 (2015)	2015	>=2005	Central Coast	CC02	Arroyo del Puerto	757	1422637	0.00053211044
CC-ROS_18_CC2_BTS18-02-01 (2018)	2018	>=2005	Central Coast	CC02	Santa Rosa Creek	870	2728172	0.0003188948497
CC-ROS_18_CC2_BTS18-02-03 (2018)	2018	>=2005	Central Coast	CC02	Santa Rosa Creek	882	2705334	0.0003260225909
CC-CAY_90_CC1_En082 (1990)	1990	<2005	Central Coast	CC03	Cayucos Creek	973	2620610	0.000371287601
CC-GER_90_CC1_En142 (1990)	1990	<2005	Central Coast	CC03	San Geronimo Creek	622	1481211	0.0004199266681
CC-GER_90_CC2_En143 (1990)	1990	<2005	Central Coast	CC03	San Geronimo Creek	826	2682569	0.0003079137946
CC-VIL_90_CC2_En308 (1990)	1990	<2005	Central Coast	CC03	Villa Creek	1039	2710263	0.0003833576299
CC-VIL_90_CC2_En309 (1990)	1990	<2005	Central Coast	CC03	Villa Creek	1028	2646128	0.0003884921667
CC-TOR_14_CC2_BTS14-93-01 (2014)	2014	>=2005	Central Coast	CC03	Torro Creek	1027	2723440	0.0003770966131
CC-TOR_14_CC2_BTS14-93-02 (2014)	2014	>=2005	Central Coast	CC03	Torro Creek	868	2711959	0.0003200638358
CC-CAY_18_CC1_BTS18-10-01 (2018)	2018	>=2005	Central Coast	CC03	Cayucos Creek	937	2320181	0.0004038478033
CC-CAY_18_CC1_BTS18-10-02 (2018)	2018	>=2005	Central Coast	CC03	Cayucos Creek	1022	2488101	0.0004107550296
CC-CAY_18_CC2_BTS18-10-03 (2018)	2018	>=2005	Central Coast	CC03	Cayucos Creek	1071	2572859	0.0004162684391
CC-CAY_18_CC2_BTS18-10-04 (2018)	2018	>=2005	Central Coast	CC03	Cayucos Creek	974	2695098	0.0003613968768
CC-GER_18_CC2_BTS18-09-03 (2018)	2018	>=2005	Central Coast	CC03	San Geronimo Creek	1005	2678949	0.0003751471193
CC-GER_18_CC2_BTS18-09-04 (2018)	2018	>=2005	Central Coast	CC03	San Geronimo Creek	979	2677772	0.0003656024486
CC-MOR_18_CC2_BTS18-16-03 (2018)	2018	>=2005	Central Coast	CC03	Morro Creek	1046	2715968	0.0003851297217
CC-MOR_18_CC2_MorroCreek-2018-3 (2018)	2018	>=2005	Central Coast	CC03	Morro Creek	1097	2699898	0.0004063116458
CC-WIL_18_CC2_WillowCreek-2018-1 (2018)	2018	>=2005	Central Coast	CC03	Willow Creek	994	2711979	0.0003665220122
CC-WIL_18_CC2_WillowCreek-2018-2 (2018)	2018	>=2005	Central Coast	CC03	Willow Creek	1144	2651786	0.0004314073609
CO-PIS_99_CC2_CCS99-15-09 (1999)	1999	<2005	Conception	CO01	Pismo Creek	536	2526025	0.0002121910907
CO-PIS_99_CC2_CCS99-15-13 (1999)	1999	<2005	Conception	CO01	Pismo Creek	493	1578633	0.0003122955114
CO-SLO_99_CC2_CCS99-45-01 (1999)	1999	<2005	Conception	CO01	San Luis Obispo Creek	525	2705439	0.0001940535344
CO-SLO_99_CC2_CCS99-45-02 (1999)	1999	<2005	Conception	CO01	San Luis Obispo Creek	512	2697528	0.0001898034052
CO-GRD_08_CC2_CCS08-29-05 (2008)	2008	>=2005	Conception	CO01	Arroyo Grande	514	2711550	0.0001895594771
CO-GRD_08_CC2_CCS08-29-06 (2008)	2008	>=2005	Conception	CO01	Arroyo Grande	502	2728205	0.000184003768
CO-GRD_18_CC2_BTS18-18-01 (2018)	2018	>=2005	Conception	CO01	Arroyo Grande	470	2727216	0.0001723369179
CO-GRD_18_CC2_BTS18-18-02 (2018)	2018	>=2005	Conception	CO01	Arroyo Grande	459	2725803	0.0001683907458
CO-PIS_18_CC2_BTS18-17-01 (2018)	2018	>=2005	Conception	CO01	Pismo Creek	528	2715606	0.0001944317401
CO-PIS_18_CC2_BTS18-17-02 (2018)	2018	>=2005	Conception	CO01	Pismo Creek	535	2728658	0.0001960670777
CO-YNE_90_CC2_En266 (1990)	1990	<2005	Conception	CO02	Santa Ynez River	374	2725815	0.0001372066703
CO-YNE_90_CC2_En267 (1990)	1990	<2005	Conception	CO02	Santa Ynez River	378	2724993	0.0001387159527
CO-SHU_99_CC2_CCS99-05-07 (1999)	1999	<2005	Conception	CO02	Shuman Creek	565	2477245	0.0002280759473
CO-SHU_99_CC2_CCS99-05-08 (1999)	1999	<2005	Conception	CO02	Shuman Creek	435	1858545	0.0002340540584
CO-ANT_08_CC2_CCS08-32-04 (2008)	2008	>=2005	Conception	CO02	San Antonio Creek	473	2584428	0.0001830192213
CO-ANT_08_CC2_CCS08-32-05 (2008)	2008	>=2005	Conception	CO02	San Antonio Creek	451	2696765	0.0001672374122
CO-SHU_15_CC2_BTS15-09-02 (2015)	2015	>=2005	Conception	CO02	Shuman Creek	425	2735142	0.0001553849855
CO-SHU_15_CC2_BTS15-09-03 (2015)	2015	>=2005	Conception	CO02	Shuman Creek	462	2726000	0.0001694790902
CO-ANT_17_CPH_2017Antonio11 (2017)	2017	>=2005	Conception	CO02	San Antonio Creek	429	2737871	0.0001566910932
CO-ANT_17_CPH_2017Antonio17 (2017)	2017	>=2005	Conception	CO02	San Antonio Creek	378	2737703	0.000138071953
CO-ANT_17_CPH_2017Antonio18 (2017)	2017	>=2005	Conception	CO02	San Antonio Creek	446	2735993	0.000163012113
CO-ANT_17_CPH_2017Antonio22 (2017)	2017	>=2005	Conception	CO02	San Antonio Creek	391	2736755	0.0001428699317
CO-ANT_17_CPH_2017Antonio29 (2017)	2017	>=2005	Conception	CO02	San Antonio Creek	406	2736899	0.00014834307
CO-ANT_17_CPH_2017Antonio30 (2017)	2017	>=2005	Conception	CO02	San Antonio Creek	399	2738029	0.0001457252644
CO-YNE_17_CPH_2017Ynez13 (2017)	2017	>=2005	Conception	CO02	Santa Ynez River	423	2739237	0.0001544225637
CO-YNE_17_CPH_2017Ynez14 (2017)	2017	>=2005	Conception	CO02	Santa Ynez River	412	2738222	0.0001504625995
CO-YNE_17_CPH_2017Ynez17 (2017)	2017	>=2005	Conception	CO02	Santa Ynez River	395	2739800	0.0001441711074
CO-YNE_17_CPH_2017Ynez20 (2017)	2017	>=2005	Conception	CO02	Santa Ynez River	448	2736883	0.0001636898618
CO-YNE_17_CPH_2017Ynez25 (2017)	2017	>=2005	Conception	CO02	Santa Ynez River	426	2736864	0.0001556526009
CO-YNE_17_CPH_2017Ynez28 (2017)	2017	>=2005	Conception	CO02	Santa Ynez River	392	2739364	0.0001430989091
CO-WIN_99_CC2_CCS99-92-03 (1999)	1999	<2005	Conception	CO03	Winchester Canyon	914	2670282	0.0003422859458
CO-WIN_99_CC2_CCS99-92-05 (1999)	1999	<2005	Conception	CO03	Winchester Canyon	617	2682594	0.00023000126
CO-AND_02_CC2_CCS02-28-37 (2002)	2002	<2005	Conception	CO03	Andre Clark Bird Refuge	602	2640922	0.000227950693
CO-AND_02_CC2_CCS02-28-38 (2002)	2002	<2005	Conception	CO03	Andre Clark Bird Refuge	539	2716378	0.0001984259923
CO-MIS_02_CC2_CCS02-25-01 (2002)	2002	<2005	Conception	CO03	Mission Creek	615	2667857	0.0002305221007
CO-MIS_02_CC2_CCS02-25-02 (2002)	2002	<2005	Conception	CO03	Mission Creek	548	2714594	0.0002018718085
CO-PAR_02_CC2_CCS02-90-04 (2002)	2002	<2005	Conception	CO03	Arroyo Paredon	509	2723900	0.0001868644223
CO-PAR_02_CC2_CCS02-90-05 (2002)	2002	<2005	Conception	CO03	Arroyo Paredon	577	2723844	0.0002118329831
CO-RNC_02_CC2_CCS02-89-03 (2002)	2002	<2005	Conception	CO03	Rincon Creek	371	2729849	0.000135904953
CO-RNC_02_CC2_CCS02-89-04 (2002)	2002	<2005	Conception	CO03	Rincon Creek	341	2732322	0.0001248022744
CO-CDA_05_CC2_CCS05-83-01 (2005)	2005	>=2005	Conception	CO03	Canada de Alegria	571	2695848	0.0002118071939
CO-CDA_05_CC2_CCS05-83-02 (2005)	2005	>=2005	Conception	CO03	Canada de Alegria	431	2722731	0.0001582969452
CO-CSA_05_CC2_CCS05-85-02 (2005)	2005	>=2005	Conception	CO03	Canada de Santa Anita	642	2716460	0.0002363369974
CO-CSA_05_CC2_CCS05-85-03 (2005)	2005	>=2005	Conception	CO03	Canada de Santa Anita	654	2732286	0.0002393600084
CO-HND_05_CC2_CCS05-88-01 (2005)	2005	>=2005	Conception	CO03	Arroyo Hondo	504	2728436	0.0001847212102
CO-HND_05_CC2_CCS05-88-02 (2005)	2005	>=2005	Conception	CO03	Arroyo Hondo	654	2711653	0.0002411813016
CO-DEV_06_CC2_DKJ06-01-01 (2006)	2006	>=2005	Conception	CO03	Devereaux Slough	607	2706958	0.0002242369479
CO-GAV_06_CC2_DKJ-Jul-6-06-Gaviota-1 (2006)	2006	>=2005	Conception	CO03	Gaviota Creek	592	2732008	0.0002166904343
CO-GAV_06_CC2_DKJ-Jul-6-06-Gaviota-2 (2006)	2006	>=2005	Conception	CO03	Gaviota Creek	556	2734888	0.0002032990016
CO-REF_06_CC2_DKJ-Jul-6-06-Refugio-1 (2006)	2006	>=2005	Conception	CO03	Refugio Creek	590	2658874	0.0002218984427
CO-REF_06_CC2_DKJ-Jul-6-06-Refugio-2 (2006)	2006	>=2005	Conception	CO03	Refugio Creek	550	2726084	0.0002017546048
CO-WIN_06_CC2_DKJ-Jul-6-06-Winchester-1 (2006)	2006	>=2005	Conception	CO03	Winchester Canyon	615	2703369	0.0002274939159
CO-WIN_06_CC2_DKJ-Jul-6-06-Winchester-2 (2006)	2006	>=2005	Conception	CO03	Winchester Canyon	617	2700477	0.000228478154
CO-BUR_14_CC2_BTS14-50-27 (2014)	2014	>=2005	Conception	CO03	Arroyo Burro	626	2720609	0.0002300955411
CO-BUR_14_CC2_BTS14-50-28 (2014)	2014	>=2005	Conception	CO03	Arroyo Burro	800	2711513	0.0002950382314
CO-BUR_14_CPH_2014Burro04 (2014)	2014	>=2005	Conception	CO03	Arroyo Burro	511	2738120	0.0001866243992
CO-BUR_14_CPH_2014Burro13 (2014)	2014	>=2005	Conception	CO03	Arroyo Burro	673	2734039	0.0002461559619
CO-BUR_14_CPH_2014Burro15 (2014)	2014	>=2005	Conception	CO03	Arroyo Burro	626	2736662	0.0002287458225
CO-BUR_14_CPH_2014Burro16 (2014)	2014	>=2005	Conception	CO03	Arroyo Burro	612	2735475	0.0002237271406
CO-BUR_14_CPH_2014Burro19 (2014)	2014	>=2005	Conception	CO03	Arroyo Burro	560	2735343	0.0002047275241
CO-BUR_14_CPH_2014Burro20 (2014)	2014	>=2005	Conception	CO03	Arroyo Burro	586	2736871	0.0002141131241
CO-MIS_14_CC2_BTS14-51-01 (2014)	2014	>=2005	Conception	CO03	Mission Creek	533	2722183	0.0001957987395
CO-MIS_14_CC2_BTS14-51-02 (2014)	2014	>=2005	Conception	CO03	Mission Creek	606	2722712	0.0002225722001
CO-PAR_14_CPH_2014Paredon02 (2014)	2014	>=2005	Conception	CO03	Arroyo Paredon	525	2737387	0.0001917887387
CO-PAR_14_CPH_2014Paredon18 (2014)	2014	>=2005	Conception	CO03	Arroyo Paredon	494	2739481	0.0001803261275
CO-PAR_14_CPH_2014Paredon28 (2014)	2014	>=2005	Conception	CO03	Arroyo Paredon	477	2739975	0.0001740891796
CO-PAR_14_CPH_2014Paredon35 (2014)	2014	>=2005	Conception	CO03	Arroyo Paredon	574	2739047	0.0002095619389
CO-PAR_14_CPH_2014Paredon38 (2014)	2014	>=2005	Conception	CO03	Arroyo Paredon	562	2736547	0.0002053682981
CO-PAR_14_CPH_2014Paredon39 (2014)	2014	>=2005	Conception	CO03	Arroyo Paredon	540	2736557	0.0001973282486
CO-GAV_15_CC2_BTS15-70-01 (2015)	2015	>=2005	Conception	CO03	Gaviota Creek	601	2728766	0.0002202460746
CO-GAV_15_CC2_BTS15-70-02 (2015)	2015	>=2005	Conception	CO03	Gaviota Creek	546	2732892	0.0001997883561
CO-RNC_15_CC2_BTS15-83-01 (2015)	2015	>=2005	Conception	CO03	Rincon Creek	693	2702248	0.0002564531457
CO-RNC_15_CC2_BTS15-83-02 (2015)	2015	>=2005	Conception	CO03	Rincon Creek	637	2717291	0.0002344246531
CO-REF_17_CC2_RefugioCreek-2017-2 (2017)	2017	>=2005	Conception	CO03	Refugio Creek	602	2723198	0.0002210636171
CO-REF_17_CC2_RefugioCreek-2017-3 (2017)	2017	>=2005	Conception	CO03	Refugio Creek	618	2714456	0.0002276699272
CO-RNC_25_FIR_BTS25-08-01 (2025)	2025	>=2005	Conception	CO03	Rincon Creek	549	2739183	0.0002004247252
CO-RNC_25_FIR_BTS25-08-02 (2025)	2025	>=2005	Conception	CO03	Rincon Creek	500	2729418	0.0001831892367
CO-RNC_25_FIR_BTS25-08-03 (2025)	2025	>=2005	Conception	CO03	Rincon Creek	534	2713671	0.0001967814079
CO-RNC_25_FIR_BTS25-08-04 (2025)	2025	>=2005	Conception	CO03	Rincon Creek	455	2738589	0.0001661439522
CO-RNC_25_FIR_BTS25-08-05 (2025)	2025	>=2005	Conception	CO03	Rincon Creek	527	2739218	0.000192390675
LA-MLB_99_CC2_CCS99-26-01 (1999)	1999	<2005	LA_Ventura	LA01	Malibu Lagoon	852	2706997	0.0003147399129
LA-MLB_99_CC2_CCS99-26-02 (1999)	1999	<2005	LA_Ventura	LA01	Malibu Lagoon	752	2667545	0.0002819071468
LA-ORM_99_CC2_CCS99-22-02 (1999)	1999	<2005	LA_Ventura	LA01	Ormond Lagoon	786	2602269	0.0003020441007
LA-SCL_99_CC2_CCS99-39-01 (1999)	1999	<2005	LA_Ventura	LA01	Santa Clara River	771	2722067	0.0002832406403
LA-SCL_99_CC2_CCS99-39-02 (1999)	1999	<2005	LA_Ventura	LA01	Santa Clara River	815	2660916	0.0003062855047
LA-VEN_99_CC2_CCS99-21-07_458 (1999)	1999	<2005	LA_Ventura	LA01	Ventura River	843	2702537	0.0003119291244
LA-TOP_01_CC2_CCS01-56-81 (2001)	2001	<2005	LA_Ventura	LA01	Topanga Lagoon	760	2693078	0.0002822049714
LA-TOP_01_CC2_CCS01-56-82 (2001)	2001	<2005	LA_Ventura	LA01	Topanga Lagoon	757	2737702	0.0002765092768
LA-ORM_14_CC2_BTS14-47-01 (2014)	2014	>=2005	LA_Ventura	LA01	Ormond Lagoon	720	2708162	0.0002658629727
LA-ORM_14_CC2_BTS14-47-02 (2014)	2014	>=2005	LA_Ventura	LA01	Ormond Lagoon	738	2675182	0.0002758690811
LA-TOP_15_CC2_Topanga-2015-1 (2015)	2015	>=2005	LA_Ventura	LA01	Topanga Lagoon	660	2711273	0.0002434280871
LA-TOP_15_CC2_Topanga-2015-4 (2015)	2015	>=2005	LA_Ventura	LA01	Topanga Lagoon	672	2704412	0.0002484828495
LA-ZUM_24_FIR_RGD24-04-01 (2024)	2024	>=2005	LA_Ventura	LA01	Zuma Canyon	652	2719570	0.000239743783
LA-ZUM_24_FIR_RGD24-04-02 (2024)	2024	>=2005	LA_Ventura	LA01	Zuma Canyon	450	2712893	0.0001658745848
LA-ZUM_24_FIR_RGD24-04-03 (2024)	2024	>=2005	LA_Ventura	LA01	Zuma Canyon	668	2741120	0.0002436960075
LA-ZUM_24_FIR_RGD24-04-04 (2024)	2024	>=2005	LA_Ventura	LA01	Zuma Canyon	618	2739648	0.0002255764244
LA-ZUM_24_FIR_RGD24-04-05 (2024)	2024	>=2005	LA_Ventura	LA01	Zuma Canyon	550	2737020	0.0002009484768
LA-ORM_25_FIR_BTS25-02-01 (2025)	2025	>=2005	LA_Ventura	LA01	Ormond Lagoon	652	2738928	0.000238049339
LA-ORM_25_FIR_BTS25-02-02 (2025)	2025	>=2005	LA_Ventura	LA01	Ormond Lagoon	708	2734861	0.0002588797017
LA-ORM_25_FIR_BTS25-02-03 (2025)	2025	>=2005	LA_Ventura	LA01	Ormond Lagoon	633	2740338	0.000230993403
LA-ORM_25_FIR_BTS25-02-04 (2025)	2025	>=2005	LA_Ventura	LA01	Ormond Lagoon	718	2740733	0.0002619737129
LA-ORM_25_FIR_BTS25-02-05 (2025)	2025	>=2005	LA_Ventura	LA01	Ormond Lagoon	678	2741082	0.0002473475803
LA-TOP_25_FIR_RGD25-01-01 (2025)	2025	>=2005	LA_Ventura	LA01	Topanga Lagoon	649	2740953	0.0002367789597
LA-TOP_25_FIR_RGD25-01-02 (2025)	2025	>=2005	LA_Ventura	LA01	Topanga Lagoon	749	2689010	0.0002785411731
LA-TOP_25_FIR_RGD25-01-03 (2025)	2025	>=2005	LA_Ventura	LA01	Topanga Lagoon	637	2734194	0.0002329754216
LA-TOP_25_FIR_RGD25-01-04 (2025)	2025	>=2005	LA_Ventura	LA01	Topanga Lagoon	715	2713595	0.0002634881034
LA-TOP_25_FIR_RGD25-01-05 (2025)	2025	>=2005	LA_Ventura	LA01	Topanga Lagoon	648	2707997	0.0002392912548
LA-VEN_25_FIR_BTS25-03-01 (2025)	2025	>=2005	LA_Ventura	LA01	Ventura River	660	2739596	0.0002409114337
LA-VEN_25_FIR_BTS25-03-02 (2025)	2025	>=2005	LA_Ventura	LA01	Ventura River	721	2727888	0.000264307039
LA-VEN_25_FIR_BTS25-03-03 (2025)	2025	>=2005	LA_Ventura	LA01	Ventura River	769	2729267	0.0002817606339
LA-VEN_25_FIR_BTS25-03-04 (2025)	2025	>=2005	LA_Ventura	LA01	Ventura River	739	2723839	0.0002713082528
LA-VEN_25_FIR_BTS25-03-05 (2025)	2025	>=2005	LA_Ventura	LA01	Ventura River	713	2735411	0.0002606555285
SC-ONF_90_CC2_En176 (1990)	1990	<2005	South Coast	SC01	San Onofre Creek	419	2669177	0.0001569772256
SC-ONF_90_CC2_En180 (1990)	1990	<2005	South Coast	SC01	San Onofre Creek	349	2702089	0.0001291593282
SC-ONF_99_CC2_CCS99-100-10 (1999)	1999	<2005	South Coast	SC01	San Onofre Creek	354	2694381	0.0001313845369
SC-ONF_99_CC2_CCS99-100-11 (1999)	1999	<2005	South Coast	SC01	San Onofre Creek	329	2691715	0.0001222269074
SC-ONF_99_CC2_CCS99-100-14 (1999)	1999	<2005	South Coast	SC01	San Onofre Creek	328	2722924	0.0001204587421
SC-ONF_99_CC2_CCS99-100-19 (1999)	1999	<2005	South Coast	SC01	San Onofre Creek	347	2712106	0.0001279448517
SC-MAT_04_CC2_CCS04-46-46 (2004)	2004	<2005	South Coast	SC01	San Mateo Creek	328	2712477	0.0001209226843
SC-MAT_04_CC2_CCS04-46-47 (2004)	2004	<2005	South Coast	SC01	San Mateo Creek	311	2707506	0.0001148658581
SC-MAT_04_CC2_CCS04-46-48 (2004)	2004	<2005	South Coast	SC01	San Mateo Creek	339	2709424	0.0001251188444
SC-MAT_04_CC2_CCS04-46-50 (2004)	2004	<2005	South Coast	SC01	San Mateo Creek	327	2708851	0.0001207153882
SC-ONF_07_CC2_DKJ07-01-23 (2007)	2007	>=2005	South Coast	SC01	San Onofre Creek	341	2703671	0.0001261248133
SC-ONF_07_CC2_DKJ07-01-25 (2007)	2007	>=2005	South Coast	SC01	San Onofre Creek	390	2419023	0.0001612221132
SC-ONF_07_CC2_DKJ07-01-29 (2007)	2007	>=2005	South Coast	SC01	San Onofre Creek	385	1741422	0.0002210836891
SC-ONF_07_CC2_DKJ07-01-30 (2007)	2007	>=2005	South Coast	SC01	San Onofre Creek	377	1462574	0.0002577647353
SC-ALS_98_CC2_CCS98-117-07 (1998)	1998	<2005	South Coast	SC02	Aliso Canyon	511	1547196	0.0003302748973
SC-ALS_98_CC2_CCS98-117-08 (1998)	1998	<2005	South Coast	SC02	Aliso Canyon	426	1538485	0.0002768957773
SC-FLR_98_CC2_CCS98-115-03 (1998)	1998	<2005	South Coast	SC02	Las Flores Creek	318	1118668	0.0002842666457
SC-FLR_98_CC2_CCS98-115-06 (1998)	1998	<2005	South Coast	SC02	Las Flores Creek	388	1478369	0.0002624513907
SC-FLR_98_CC2_CCS98-115-09 (1998)	1998	<2005	South Coast	SC02	Las Flores Creek	419	1392328	0.0003009348372
SC-FRN_98_CC2_CCS98-121-06 (1998)	1998	<2005	South Coast	SC02	French Lagoon	455	2047665	0.0002222043156
SC-FRN_98_CC2_CCS98-121-07 (1998)	1998	<2005	South Coast	SC02	French Lagoon	468	2007450	0.0002331315848
SC-FRN_98_CC2_CCS98-121-08 (1998)	1998	<2005	South Coast	SC02	French Lagoon	458	2503083	0.000182974356
SC-HID_98_CC2_CCS98-116-10 (1998)	1998	<2005	South Coast	SC02	Hidden Lagoon	380	1389822	0.000273416308
SC-ALS_07_CC2_DKJ07-03-08 (2007)	2007	>=2005	South Coast	SC02	Aliso Canyon	446	1551043	0.0002875484432
SC-FLR_07_CC2_DKJ07-02-26 (2007)	2007	>=2005	South Coast	SC02	Las Flores Creek	415	1943238	0.0002135610769
SC-FLR_07_CC2_DKJ07-02-28 (2007)	2007	>=2005	South Coast	SC02	Las Flores Creek	412	2417187	0.0001704460598
SC-FLR_07_CC2_DKJ07-02-29 (2007)	2007	>=2005	South Coast	SC02	Las Flores Creek	436	1950840	0.0002234934695
SC-HID_16_CC2_HiddenLagoon-2016-2 (2016)	2016	>=2005	South Coast	SC02	Hidden Lagoon	516	2344654	0.0002200751156
SC-HID_16_CC2_HiddenLagoon-2016-3 (2016)	2016	>=2005	South Coast	SC02	Hidden Lagoon	555	2201869	0.000252058592
